Workbook

Sheet Formato descripción HU
A1: 4
B3: Matriz de Marco de Trabajo de HU
B5: ITEM | C5: PROBLEMA | D5: QUE (NECESIDAD) | E5: PARA QUE (SOLUCIÓN) | F5: PARA QUIEN (USUARIO) | G5: COMO (DESCRIPCIÓN DE TAREAS) | H5: HECHO POR (PROG. RESP.) | I5: CUANTO TIEMPO (ESTIMADO EN HRS) | J5: FECHA DE ENTREGA | K5: PRIORIDAD | L5: STATUS | M5: PRUEBA (COMO SE VERIFICA) | N5: COMENTARIOS | O5: NOMBRE DE HISTORIA
B6: RF-01 | C6: Los usuarios necesitan un acceso seguro con credenciales institucionales. | D6: Iniciar sesión con correo @espe.edu.ec | E6: Garantizar identidad y acceso autorizado | F6: Usuarios ESPE | G6: Ingresar correo → Validar credenciales → Acceder | H6: Moisés Benalcázar | I6: 4 | J6: 45853 | K6: Alta | L6: No iniciado | M6: Rechaza correos no institucionales; acceso correcto si es válido. | N6: Requiere integración | O6: Inicio de sesión institucional
B7: RF-02 | C7: Solicitudes de préstamo no están organizadas. | D7: Seleccionar fecha, aula y franja | E7: Reservar un proyector para clase | F7: Usuario solicitante | G7: Elegir aula → Franja → Enviar solicitud | H7: Moisés Benalcázar | I7: 6 | J7: 45855 | K7: Alta | L7: No iniciado | M7: Solo permite una franja; si está disponible, registra solicitud. | N7: Validación de horario | O7: Solicitud de préstamo
B8: RF-03 | C8: Carga manual excesiva para el técnico y errores humanos. | D8: Asignación automática de equipos disponibles. | E8: Agilizar el préstamo y bloquear stock sin intervención técnica. | F8: Personal Técnico / Sistema. | G8: Algoritmo asigna proyector disponible según aula/horario al enviar solicitud. | H8: Mateo Medranda | I8: 6 | J8: 45856 | K8: Alta | L8: Conflictivo | M8: Asignación inmediata y bloqueo en BD al solicitar. | N8: Riesgo Alto (complejidad lógica). | O8: Asignación automática
B9: RF-04 | C9: No existe control de horas reales de entrega/devolución. | D9: Registrar hora exacta de entrega y devolución | E9: Controlar retrasos | F9: Técnico | G9: Registrar entrega → Registrar devolución | H9: Mateo Medranda | I9: 5 | J9: 45856 | K9: Alta | L9: No iniciado | M9: Registra fecha/hora exacta; marca retrasos >10 min. | N9: Crítico para sanciones | O9: Registro entrega y devolución
B10: RF-05 | C10: Usuarios no pueden ver disponibilidad. | D10: Consultar disponibilidad por fecha y aula | E10: Saber si puede reservar | F10: Usuario | G10: Elegir fecha → Aula → Consultar | H10: Stefany Díaz | I10: 4 | J10: 45857 | K10: Media | L10: No negociado | M10: Muestra disponibilidad en tiempo real. | N10: Integra con RF03 | O10: Consulta de disponibilidad
B11: RF-06 | C11: No hay historial claro de uso. | D11: Generar reportes exportables | E11: Analizar uso institucional | F11: Administración | G11: Seleccionar filtros → Exportar PDF/Excel | H11: Stefany Díaz | I11: 8 | J11: 45860 | K11: Media | L11: No negociado | M11: Reportes correctos según filtros. | N11: Requiere tablas limpias | O11: Reportes de uso
B12: RF-07 | C12: No existe control automático de retrasos. | D12: Detectar retrasos y sancionar | E12: Fomentar uso responsable | F12: Sistema / Coordinación | G12: Registrar devolución → Detectar retraso → Notificar → Bloquear | H12: Stefany Díaz | I12: 12 | J12: 45863 | K12: Alta | L12: Conflictivo | M12: Al segundo retraso, bloquea usuario y notifica. | N12: Depende del historial | O12: Sanciones automáticas
K33: Alta | L33: No iniciado
K34: Media | L34: En proceso
K35: Baja | L35: Terminado
L36: Atrasado

Sheet Historia de Usuario RF-02
B6: HISTORIA DE USUARIO (HU)
C9: ITEM | E9: USUARIO | H9: STATUS
C10: RF-02 | E10: =VLOOKUP(C10,'Formato descripción HU'!B6:O23,5,0) -> Usuario solicitante | H10: =VLOOKUP(C10,'Formato descripción HU'!B6:O23,11,0) -> No iniciado
C12: TIEMPO | E12: PRIORIDAD | H12: PROG. RESP
C13: =VLOOKUP('Historia de Usuario RF-02'!C10,'Formato descripción HU'!B6:O23,8,0) -> 6 | E13: =VLOOKUP(C10,'Formato descripción HU'!B6:O23,10,0) -> Alta | H13: =VLOOKUP(C10,'Formato descripción HU'!B6:O23,7,0) -> Moisés Benalcázar
C15: QUE | D15: =VLOOKUP(C10,'Formato descripción HU'!B6:O23,3,0) -> Seleccionar fecha, aula y franja | G15: PARA QUE | H15: =VLOOKUP(C10,'Formato descripción HU'!B6:O23,4,0) -> Reservar un proyector para clase | L15: COMO | M15: =VLOOKUP(C10,'Formato descripción HU'!B6:O23,6,0) -> Elegir aula → Franja → Enviar solicitud
C19: NOMBRE HISTORIA | E19: =VLOOKUP(C10,'Formato descripción HU'!B6:O23,14,0) -> Solicitud de préstamo
C22: PRUEBA | E22: =VLOOKUP(C10,'Formato descripción HU'!B6:O23,12,0) -> Solo permite una franja; si está disponible, registra solicitud. | J22: COMENTARIOS | L22: =VLOOKUP(C10,'Formato descripción HU'!B6:O23,13,0) -> Validación de horario

Sheet Historia de Usuario RF-03
B6: HISTORIA DE USUARIO (HU)
C9: ITEM | E9: USUARIO | H9: STATUS
C10: RF-03 | E10: =VLOOKUP(C10,'Formato descripción HU'!B6:O23,5,0) -> Personal Técnico / Sistema. | H10: =VLOOKUP(C10,'Formato descripción HU'!B6:O23,11,0) -> Conflictivo
C12: TIEMPO | E12: PRIORIDAD | H12: PROG. RESP
C13: =VLOOKUP('Historia de Usuario RF-03'!C10,'Formato descripción HU'!B6:O23,8,0) -> 6 | E13: =VLOOKUP(C10,'Formato descripción HU'!B6:O23,10,0) -> Alta | H13: =VLOOKUP(C10,'Formato descripción HU'!B6:O23,7,0) -> Mateo Medranda
C15: QUE | D15: =VLOOKUP(C10,'Formato descripción HU'!B6:O23,3,0) -> Asignación automática de equipos disponibles. | G15: PARA QUE | H15: =VLOOKUP(C10,'Formato descripción HU'!B6:O23,4,0) -> Agilizar el préstamo y bloquear stock sin intervención técnica. | L15: COMO | M15: =VLOOKUP(C10,'Formato descripción HU'!B6:O23,6,0) -> Algoritmo asigna proyector disponible según aula/horario al enviar solicitud.
C19: NOMBRE HISTORIA | E19: =VLOOKUP(C10,'Formato descripción HU'!B6:O23,14,0) -> Asignación automática
C22: PRUEBA | E22: =VLOOKUP(C10,'Formato descripción HU'!B6:O23,12,0) -> Asignación inmediata y bloqueo en BD al solicitar. | J22: COMENTARIOS | L22: =VLOOKUP(C10,'Formato descripción HU'!B6:O23,13,0) -> Riesgo Alto (complejidad lógica).

Sheet Historia de Usuario RF-07
B6: HISTORIA DE USUARIO (HU)
C9: ITEM | E9: USUARIO | H9: STATUS
C10: RF-07 | E10: =VLOOKUP(C10,'Formato descripción HU'!B6:O23,5,0) -> Sistema / Coordinación | H10: =VLOOKUP(C10,'Formato descripción HU'!B6:O23,11,0) -> Conflictivo
C12: TIEMPO | E12: PRIORIDAD | H12: PROG. RESP
C13: =VLOOKUP('Historia de Usuario RF-07'!C10,'Formato descripción HU'!B6:O23,8,0) -> 12 | E13: =VLOOKUP(C10,'Formato descripción HU'!B6:O23,10,0) -> Alta | H13: =VLOOKUP(C10,'Formato descripción HU'!B6:O23,7,0) -> Stefany Díaz
C15: QUE | D15: =VLOOKUP(C10,'Formato descripción HU'!B6:O23,3,0) -> Detectar retrasos y sancionar | G15: PARA QUE | H15: =VLOOKUP(C10,'Formato descripción HU'!B6:O23,4,0) -> Fomentar uso responsable | L15: COMO | M15: =VLOOKUP(C10,'Formato descripción HU'!B6:O23,6,0) -> Registrar devolución → Detectar retraso → Notificar → Bloquear
C19: NOMBRE HISTORIA | E19: =VLOOKUP(C10,'Formato descripción HU'!B6:O23,14,0) -> Sanciones automáticas
C22: PRUEBA | E22: =VLOOKUP(C10,'Formato descripción HU'!B6:O23,12,0) -> Al segundo retraso, bloquea usuario y notifica. | J22: COMENTARIOS | L22: =VLOOKUP(C10,'Formato descripción HU'!B6:O23,13,0) -> Depende del historial
